video_id,title,rating_view,rating_comments,rating_good,published_date,description
YgovcipujqM,일진의 무서운 핵불닭볶음면 먹방ㄷㄷ,639710,655,7120,2023-05-29T07:00:18Z,채널에 가입하여 혜택을 누려보세요. https://www.youtube.com/channel/UCta_NRwnsUaew0t3VNxBNyg/join 김재원 방송 ...
POCnB7zJvOQ,Cambridge Students try Korean Fire Noodles!,3543035,3102,108727,2023-05-03T11:30:08Z,Today we challenge Cambridge University students with the Fire Noodle Challenge! A big thank you to St John's College for ...
YhbAtQQsk6Q,&#39;짝퉁 불닭볶음면&#39; 베낀 중국업체에 승소 / SBS / 1분핫뉴스,7281,36,78,2023-05-25T06:34:52Z,불닭볶음면과 다시다 등 유명 한국 식품을 베낀 중국업체들이 배상금을 내게 됐습니다. 일부 중국업체들은 유명한 한국 식품을 베껴서 ...
F_D_b3C5hdI,[#추배달] 불닭볶음면 시리즈 비교 평가! 맵찔 추멘 &amp; 분수 번개의 최애 불닭은??,186449,201,2183,2023-05-28T03:00:06Z,멤버십 가입하기 : https://www.youtube.com/channel/UCn9mJ4htO64-1osMWYu9k5Q/join 투네이션 후원하기 ...
Ys7K708ICZs,"음식이 맛없을때, 먹방유튜버는 어떻게할까? | 먹방 | 불닭쌈 | 불닭팽이 | Fire noodle warp MUKBANG | ASMR",6860006,1830,59621,2023-05-02T11:48:34Z,"불닭쌈을 먹어봤는데요, 열심히 만들었는데 제 취향이 아니더라구요 (^^)? 그래서 구우면 좀 나아질까 해서 구워봤는데.. 구워도 별로 ..."
M5JCYCFrtx8,까르보 불닭이 위험한 이유 #먹방비하인드,2537969,451,52447,2023-05-09T07:17:37Z,
b68hWsu6qX8,일본 라면 1위 기업이 만든 불닭볶음면 먹었습니다,266777,381,3984,2023-05-15T08:16:42Z,흑백리뷰 #스케치코미디 #라면.
_LZYxsY1z2k,맵찔이 테스트🔥 편의점 불닭 메뉴 먹방 2탄,658002,202,18514,2023-05-07T08:30:15Z,
Wl1WV2q91Uc,불닭 팽이버섯 먹방 유튜버들이 이걸 왜 먹을까? 유왜먹,298699,216,4650,2023-05-28T03:00:15Z,흑백리뷰 #스케치코미디 #불닭버섯먹방.
3qXt6ItDQqI,세상 맛있는 조합! [불닭 + ??소스],51,0,2,2023-05-21T12:14:47Z,불닭 황금 레시피.
QDMnGan9A3w,주1회는 먹어줘야하는 불닭볶음면,206633,71,3327,2023-05-29T09:12:31Z,문의 forebomi@naver.com - 인스타 https://www.instagram.comforebomi/ #shorts #리뷰 #라면#불닭볶음면 #신메뉴.
3-GqmwnfymM,일본에서 난리난 짝퉁 불닭볶음면,1361849,883,32008,2023-05-02T10:05:00Z,shorts 일본에서 난리난 짝퉁 불닭볶음면.
IK8gLzQqk3E,‘짝퉁’ 불닭·다시다…중국 법원도 등 돌렸다 [오늘 이슈] / KBS 2023.05.25.,890296,2859,4391,2023-05-25T02:04:53Z,"입에서 불을 뿜는 닭 캐릭터와 빨간 볶음면, 그리고 검정색 포장지까지, K-푸드 열풍을 일으킨 삼양식품의 대표 상품 불닭볶음면과 ..."
ilKlB_fEZiU,세상에서 가장매운과자 원칩챌린지 핵불닭볶음면 5개 5분안에 도전먹방 korean super spicy noodles Paqui One Chip Challenge mukbang,171705,351,3942,2023-05-01T11:16:09Z,안녕하세요 원칩챌린지 먹고 핵불닭볶음면 5개 5분안에 먹기 도전먹방 라이브방송으로 진행해봤습니다. 굉장히 오랜만에 매운음식 ...
Skjh2rv8U3M,눈 가리고 불닭 맞추기!!! 또솔은 몇 개 맞췄을까요😂!!!!,3144382,219,73604,2023-05-31T10:12:59Z,ㅡDDO DDO   ♪SOL INSTAGRAM | https://www.instagram.com/ddo.sol ♬HO INSTAGRAM | https://www.instagram.com/ddo.ho ...
eQIbiIfCPRM,겉바속촉 불닭쌈 매운맛 랭킹전🔥,228617,251,5937,2023-05-02T08:30:08Z,
g2G-UH48lZM,Buldak Chicken Burger 불닭치킨버거,40784351,2985,1432953,2023-05-05T07:45:03Z,Buldak + Chicken = Heaven #recipe #shorts.
VRfYjT1rCu8,SUB)요즘 핫한 불그리라면에 바삭 구운 통대창 먹방!🔥 불닭볶음면 너구리 레전드 꿀조합 리얼사운드 Tripes &amp; Ramyeon Mukbang Asmr,4530228,579,50014,2023-05-18T11:00:09Z,"각국어 번역 자막 제작 : 컨텐츠 제작의 마무리는 컨텐츠플라이! 글로벌 진출을 위한 최고의 파트너, CONTENTSFLY에서 제작 ..."
F67hjUXpyeE,[면치기 대리만족😋] 아침 7시에 &#39;간단하게&#39; 불닭게티와 통스팸 먹어볼게요.,591932,352,-1,2023-05-17T09:01:50Z,불닭게티 #짜파게티 #불닭볶음면 *비지니스 문의 melody304000@naver.com *나름&다름의 쿠키가게 택배 주문 링크: ...
qsEM1sV4IBQ,불닭볶음면 레전드 신제품 나왔습니다 ㄷㄷ,364025,312,4486,2023-05-11T08:00:31Z,흑백리뷰 #스케치코미디 #라면 불닭볶음면 신제품 할라피뇨 치즈 먹방.
CpKKhnx8rJw,그림먹방:) 까르보불닭을 먹어보자🍜 나는 까르보 불닭도 맵더라(힝구),605404,1041,4631,2023-05-06T01:15:00Z,이거 슥슥 그려서 하시는분들 진짜 넘 대단존경       인스타 @happydaram (DM안돼용 쏴리) 틱톡 @happydaram ...
HoYfyQqY-RM,제발 불닭볶음면 이렇게 한번 드셔보세요,355548,57,6963,2023-05-24T07:06:20Z,콘치즈 불닭볶음면을 만들어 보자 #Shorts.
daAzwz7IM80,간단하게 까르보 불닭 한봉지에 삼겹살 채끝살 속성먹방 #쇼츠먹방 #먹방 #속성먹방,1823277,453,50067,2023-05-08T07:34:03Z,I've tried Korean spicy ramen with pork and beef in it. #korea #mukbang #spicymukbang.
Ww2BewjGoLw,ASMR 간단하게 불닭짬뽕 대창 1kg 리얼먹방 :) 1kg of spicy ramen daechang MUKBANG,2511197,881,27616,2023-05-15T10:00:19Z,안녕하세요아미입니다 저는 평균적으로 먹는 속도가 30분~1시간 입니다 영상을 10분~15분으로 만들다 보니 먹는 도중 음식이 ...
4XH1ZYS6Zzs,&quot;진짜 이건 맛없없 조합🔥&quot; 불닭볶음면 6봉에 응떡 치즈 1kg를 더한다면..?,90688,74,1892,2023-05-02T11:31:45Z,유노 인스타그램:https://www.instagram.com/u.n.o_o/ ✉광고 및 협찬 문의 이메일 :creators@iambrand.co.kr ✉유노 ...
sBG36S2mDbY,먹는 거에 비해 멸치인 불닭할라피뇨 먹방입니다!!,113040,230,2232,2023-05-29T11:00:39Z,잘 먹었습니다:) 00:00 소개 00:32 만들기 01:16 먹기 08:45 후식 #불닭 #할라피뇨 #먹방 ...
Yo23YHDFViY,[TXT/투바투] 유행에 민감한 아이돌 (feat. 불닭볶음면 &amp; 맥주),21711,24,553,2023-05-03T13:13:04Z,범규 #태현 #휴닝카이 #투모로우바이투게더.
WAfaIcn8Cj0,불닭볶음면 짜장 vs 로제 🔥 여러분의 선택은?,223196,164,5916,2023-05-25T08:30:16Z,
yRUQ6MLPElY,ASMR DAECHANG ENOKI MUSHROOM MUKBANG 바삭한 통대창 팽이버섯 불닭버섯 소세지 먹방 GRILLED BEEF LARGE INTESTINES EATING,4875469,520,41510,2023-05-08T12:00:55Z,"ASMR MUKBANG) SPICY ENOKI MUSHROOM, SALMON, TTEOKBOKKI, SAUSAGE, BEEF LARGE INTESTINES 과자처럼 바삭 ..."
MFGFl8UwNj4,"매운먹방♡ 불닭 신메뉴~☺️ 할라피뇨 치즈 불닭볶음면🥣 불닭 치폴레마요 소스🌶 선화동 실비김치, 실비파김치, 햄 먹방 Spicy kimchi, ramen mukbang ASMR",117676,304,3134,2023-05-03T12:38:42Z,동영상 품질에서 화질 1080p60까지 지원됩니다♡ CC자막(화면 상단에 톱니바퀴 누르시면 자막 설정)있어요♡ 구독 !!   좋아요 !
LHh1yUg_kGs,불닭소스 이렇게 드셔보세요. 5분만에 맛집 됩니다 | 초간단 불닭 소스 활용 레시피 2탄,404,0,5,2023-05-05T02:47:55Z,불닭볶음면 #순대볶음 #순대 #비오는날 #쉬운레시피 #응용요리 #간편레시피 #초간단레시피 #불닭소스 #맛집 #야식.
FGj4ZbszcBo,[신제품]멕시칸 불닭볶음면🔥불닭+할라피뇨는 너무하잖아악!!! ㅣ #불닭볶음면 #할라피뇨치즈불닭볶음면 #신상리뷰,86167,54,1538,2023-05-11T10:54:13Z,할라피뇨 치즈 불닭볶음면 불닭볶음면 신제품이 또!!! 나왔다고 해서 당장 가져왔어요! 이름은 할라피뇨 치즈 불닭볶음면 불닭에 ...
Lx_enEDBvJc,할라피뇨 치즈 불닭볶음면 솔직리뷰: 강력하게 매운맛을 원하신다면!,4383,13,66,2023-05-24T12:00:15Z,할라피뇨치즈불닭 #불닭볶음면 #솔직리뷰 안녕하세요 도이편님들!!! 드디어 제가 영상을 완성했어요!!! 생각보다 과배란 주사의 영향 ...
HxpBn0i5nuY,매운김치 불닭짬뽕 8개 밥말아서 라면 김치 먹방 korean spicy kimchi spicy noodles ramyeon mukbang eating show,1360076,1362,18664,2023-05-30T11:09:22Z,안녕하세요 불닭짬뽕 8개 끓이고 매운김치 꺼냈습니다. 호로록 호로록 얼큰한 라면이 순식간에 사라지고 시뻘건 국물에 밥까지 말아 ...
0i8FscHytFU,SUB)바삭촉촉 통새우 후라이드치킨 양념치킨에 바질크림불닭우동 먹방! 편의점 꿀조합 리얼사운드 Fried Shrimp Chicken &amp; Buldak Udon Mukbang Asmr,2587315,334,34277,2023-05-09T11:00:01Z,"각국어 번역 자막 제작 : 컨텐츠 제작의 마무리는 컨텐츠플라이! 글로벌 진출을 위한 최고의 파트너, CONTENTSFLY에서 제작 ..."
RQHdskOmyFQ,"🔥불닭쌈 + 불닭팽이버섯 처음 먹어봐요 (ㄷㄷ) | Fire noodle warp, Buldak Spicy Ramen mukbang | EATING SHOW | ASMR",121521,284,1617,2023-05-02T12:11:24Z,"안녕하세요 여러분, 범비입니다 :-) 오늘은 불닭쌈을 처음 도전해봤어요! 만드는데 은근 시간이 오래걸려서 다시 먹을일은 없.. (퍽) 여튼 ..."
DeKpnIjZd7o,스웨덴 가족들의 불닭볶음면 반응ㅋㅋㅋㅋㅋㅋㅋ(feat. 어서와 스웨덴 친구들),150701,186,4650,2023-05-02T14:30:55Z,먹방 #불닭볶음면 #외국인반응 ♪ 샛별(Daystar)-Pong!
7EXHIS9Sn8E,불닭볶음면으로 만든 볶음밥 fried rice made with buldak ramen,231061,48,9063,2023-05-10T22:00:06Z,shorts #buldak #ramen #friedrice #불닭볶음면 #불닭 #볶음밥.
c6a7h6AXQ7M,무인라면가게에서 종류별로 다 먹었습니다😎 짜파게티 불닭 신라면 먹방,6375856,1530,106412,2023-05-23T12:00:34Z,"각국어 번역 자막 제작 : 컨텐츠 제작의 마무리는 컨텐츠플라이! 글로벌 진출을 위한 최고의 파트너, CONTENTSFLY에서 제작 ..."
TFy6lFs3hMs,ASMR Mukbang Fire Spicy Noodle Tteokbokki 불닭볶음면 떡볶이 TV 속 편의점 음식 먹방 Convenience Store Food [보람 야미],208148,10,845,2023-05-26T09:30:15Z,Thank you for watching my video 시청 해주셔서 감사합니다.
hHp3nk8IY2I,불닭멘보,928299,1353,28961,2023-05-15T12:44:58Z,불닭이랑 치즈랑 식빵이랑 같이 음.
o7ZM7uVZxco,치즈 폭탄!!고소한 콘치즈와 매콤한 불닭볶음면의 레전드 꿀조합🔥라면먹방ㅣ불닭볶음면 리얼먹방 Eat 5 Spicy corn cheese Buldak Ramen REAL MUKBANG,256653,149,6247,2023-05-25T12:15:03Z,GOODzzi instagram :https://www.instagram.com/goodzzi._.v/ 여러분 ❤️ 안녕하세요! 히히 오늘은 오랜만에 앵콜먹방으로 ...
1KGDomzL8Js,뚜비니 울리는 할라피뇨 치즈 불닭볶음면 해주는 과외쌤,219954,50,5899,2023-05-03T12:13:54Z,
Osiq3iddDGM,5키로 빠지는 리얼불닭쌈,219202,66,3752,2023-05-03T10:09:00Z,작심닭 신제품 론칭기념 이벤트   작심통살 10종 특가 맛보기 팩당 1596원 구매링크 https://bit.ly/3ynStSb **추천인코드 입력 필수 ...
LWvoohQ0Fsk,불닭야끼소바 더 맛있게 먹는법 모코몬이 알려드릴게요!,75027,15,843,2023-05-19T09:00:12Z,첫번째 마요네즈 마요네즈를 불닭야끼소바에 섞으면 고소함이 업! 매운맛은 다운! 두번째 반숙 계란 후라이 노른자 반숙에 야끼소바를 ...
xpx9SyTcik8,"불닭신상 멕시코불닭신제품 K-Spicy 신상리뷰, 할라피뇨치즈불닭볶음면 먹방 후기",761,2,8,2023-05-20T06:40:06Z,"불닭신상 멕시코불닭신제품 K-Spicy 신상리뷰, 할라피뇨치즈불닭볶음면 https://bit.ly/3Nf4Dp7 #할라피뇨치즈불닭볶음면#불닭,불닭 ..."
SpEu52TS1cc,레전드로 매운 불닭볶음면 신메뉴,785321,378,15677,2023-05-22T07:18:41Z,신메뉴 불닭볶음면 할라피뇨 치즈 영치금으로 사먹기.
zOQG52kqapk,PC방 먹방...⚡ 1시간 동안 까르보불닭볶음면 타코야끼 스팸마요덮밥 소떡소떡 진라면 먹고왔어요💗,14825,100,322,2023-05-21T04:09:23Z,피시방 #PC방먹방 소독이들 안녕!!!       주말 잘 보내고이썽? 푸히힛ㅋㅋㅋ 저번 편의점 영상에 어떤 소독이가 PC방 먹방도 보고 ...
jKJBwMoR7-U,로제 불닭 납작당면 꼭 이렇게 드세요!,113071,48,2888,2023-05-19T09:11:42Z,
LmdQdn-HwvE,불닭 소세지 치즈 김말이,779996,231,21825,2023-05-27T03:47:56Z,그리고 치토스개루~ #용디쇼츠.
zOQG52kqapk,PC방 먹방...⚡ 1시간 동안 까르보불닭볶음면 타코야끼 스팸마요덮밥 소떡소떡 진라면 먹고왔어요💗,14825,100,322,2023-05-21T04:09:23Z,피시방 #PC방먹방 소독이들 안녕!!!       주말 잘 보내고이썽? 푸히힛ㅋㅋㅋ 저번 편의점 영상에 어떤 소독이가 PC방 먹방도 보고 ...
f2mX3x-YLlw,콘치즈랑🧀 불닭이랑🔥,5775,10,112,2023-05-24T15:18:43Z,상세 레시피는 고정 댓글을 참조 하세요. #편스토랑 #어남선생 에 나온 술안주 끝판왕 콘치즈를 만들어 보았습니다:) #자취요리 ...
ioa9kIxuor0,불닭에 호박죽 조합 과연 맛있을까? 할미세대가 불닭먹는법,2429,22,28,2023-05-10T09:49:08Z,불닭볶음면 먹방#불닭#먹방 불닭과 호박죽의 콜라보레이션 아니 오늘은 호박죽이 먹고싶더라고요. 근데 불닭도 먹고싶더라고요 ...
XtT8TwMeAtY,불닭볶음면 기본이 가벼운 사람은 보세요,12138,10,236,2023-05-13T08:18:24Z,shorts #불닭볶음면 #할라피뇨치즈 오늘은 불닭볶음면 할라피뇨치즈를 먹어봤습니다 자막소스 -나눔템플릿.
nvQh-JDfO90,돌고 돌아 결국 옛통에 불닭볶음면 (ft.3주년 감사합니다),93023,389,2906,2023-05-29T08:00:14Z,태군 이야기(인스타그램) https://instagram.com/taegun0518?igshid=ZmVmZTY5ZGE= 음원 출처 브금대통령.
v1jEiUITnlw,불닭쌈 이렇게 먹으세요,8517,5,-1,2023-05-20T03:45:04Z,불닭쌈 쉽게 만들어서 좋은데 손이 더러워지네..   라이스페이퍼 불닭쌈 #shorts #먹방 #불닭먹방 #요리먹방 #요리 #레시피 #불닭쌈 ...
2-LIdfbGss0,얼큰한 불닭짬뽕 5개 밥 말아서 라면 매운김치 먹방 korean spicy buldak jjamppong noodles spicy kimchi mukbang eating show,156926,194,3781,2023-05-03T11:07:10Z,안녕하세요 얼큰한 불닭짬뽕 5개 끓이고 면상호 더매운김치도 꺼냈습니다. 얼큰한 국물에 당연히 밥 말아서 먹어야겠지요?
ThyX0te-py4,불닭좌 일본여친과 불닭볶음면 먹방 ASMR -마루TV,27863,43,311,2023-05-17T13:00:31Z,마둥이 수면여행 멤버십 가입하기 https://www.youtube.com/channel/UCTTjblmJnsEe8Rq71WzJ9Tw/join 토스후원: ...
ZT1ZaJda6Lo,할라피뇨치즈 불닭볶음면 🌶️🥵 #koreanfood #buldakramen,2037,0,15,2023-05-14T11:00:02Z,
QVChODC0Gew,할라피뇨 치즈 불닭볶음면 맵찔이는 먹을 수 있을까?,28429,39,582,2023-05-19T08:00:09Z,신상라면 #불닭볶음면 #할라피뇨치즈불닭.
Zf7GBaWCi7c,차가운 불닭메밀면?!!? 멈출수없어🤤BTS JUNGKOOK&#39;s Favorite?,293475,92,9534,2023-05-04T12:08:46Z,"불닭 메밀면✨ - 쪽파와 깻잎을 잘라줍니다 - 깻잎은 찬물에 넣어 신선하게 보관해주세요 - 생들기름 4T, 참소스 2T, 불닭 소스 1T, 불닭 ..."
Y4qVIMHih-M,🔥MZ들이 먹는 불닭아이스크림?!🔥,8649,7,208,2023-05-08T05:36:31Z,"요즘 MZ들은 아슈크림 이렇게 먹는담서요??ㅇ0ㅇ 인싸언니도 열심히 따라가봅니다,,,=3333 단짠맵 밸런스 미쳤는데 약간 까르보 ..."
8RiYbh-0Ma0,삼겹살+불닭볶음면=오열,734196,316,19500,2023-05-28T03:35:03Z,가끔은 저도 제가 무슨 말을 하는지 모르겠지만 괜찮아요.
1SgTmYJHHYs,초록색이라 방심했다. 할라피뇨치즈 불닭볶음면,49584,82,1189,2023-05-11T08:22:55Z,서진이네#라면#비빔면 이 영상에는 협찬/광고가 없습니다. 광고 및 문의 : matsangmu@gmail.com 해당 영상의 저작권은 맛상무 채널 ...
cddY9cVOaAY,불닭 베이컨 치즈 후라이,712075,191,20127,2023-05-29T08:00:28Z,정말 맛 좋아서 와구 #용디쇼츠 #용디쿠킹.
3XFoPKSw6k0,불닭쌈으로 탕후루를 만든다구요?? 안먹어 본사람 소리 질러!,3000,7,42,2023-05-30T10:11:43Z,탕후루#탕후루 만들기#불닭쌈 아 불닭삼 탕후루 만들다가 실패해서 그 맛을 못봤었는데요. 이번에는 과연 성공 했을까요? 비나이다 ...
yetPOzygvhk,불닭볶음면 신상 #shorts,2287,7,37,2023-05-10T09:00:41Z,불닭볶음면 신상 할라피뇨 치즈 불닭볶음면 ✔️ 맵기 : 엽떡 덜매운맛-오리지널 사이 ✔️ 영양정보 - 칼로리 : 530kcal - 나트륨 ...
qoz0zjTSYRQ,불닭볶음면이 사치? 거지방 드립 모음 #암호명3701 #거지방,1434,0,17,2023-05-19T21:00:20Z,
tPx0MV2K_h4,미술시간에 불닭쌈🔥 먹는방법?!? 몰래먹기 3탄 SNEAK food in art class! / animation mukbang,573128,182,4060,2023-05-10T09:51:41Z,미술시간에 또 배가 고파진 푸푸! 오늘은 어떤 방법으로 몰래먹을까요? 재밌게봐주세요~     SNEAK food episode 3! Foofoo is ...
6S08p06XnjY,저녁으로 먹기 좋은 불닭 리조또 만드는 고양이🐱#shorts,2353,4,37,2023-05-14T12:15:40Z,불닭리조또 #불닭 #리조또 #먹방 #요리 #고양이요리사 #요리하는고양이 #코숏 #치즈태비 #치즈고양이 #귀여운 #buldak #risotto ...
48uubUhp3Hg,how to make jalapeno buldak cup ramen #asmr #koreanfood,158761,16,10681,2023-05-25T00:08:34Z,asmr #conveniencestore #koreanfood #buldak.
SEjYApaQwVA,"ASMR 치트키, 불닭팽이버섯 먹방 | 먹방 | 불닭쌈 | 불닭팽이 | SPICY BULDAK MUSHROOM MUKBANG | ASMR",183158,82,2381,2023-05-02T11:48:23Z,매콤한 불닭팽이버섯을 먹어봤어요! 너무 매웠지만 오독오독한 식감이 좋았습니다! 나중엔 다른 소스로도 먹어보려구요   좋아요와 ...
KpY0gMBsMBw,콘치즈 + 불닭 + 토스트 #shorts,28229,56,869,2023-05-22T07:16:57Z,콘치즈 + 불닭 + 토스트 #shorts - 레시피 스위트콘 5스푼 설탕 1스푼 마요네즈 5스푼 모짜렐라치즈 60g 식빵 2장 체다치즈 2장 불닭 ...
8ezy2Ck84w8,어떤 불닭이 젤 맛있을까??,1618,2,23,2023-05-12T09:59:37Z,불닭리조또 최고의 짝꿍찾기 1탄!! 어떤 밥이 젤루 맛있을까? 시작은 클래식한 참치마요부터!!
mMeoPBh-9eQ,불닭볶음면이 라임 맛이라고? #shorts,1144,0,14,2023-05-12T09:53:37Z,막해팅 #마케팅 #브랜딩 #광고 #캠페인 #카피 #영감 #marketing #마케터 #마케팅공부 #마케팅브랜드 #디지털마케팅 #콘텐츠마케팅 ...
qEDKX8bTPLI,진짜 요리유튜버 해야하나...?ㅎㅎ [치즈불닭 쿡방],50127,91,701,2023-05-27T09:38:40Z,치즈불닭 ▣ 생방송 Twitch : https://www.twitch.tv/zzamtiger0310 저녁 7시 ▣ 카페 : https://cafe.naver.com/tigercave [짬타의 공지 ...
2YYv7O634rE,"불그리먹방, 요즘 핫한 BTS 정국님 레시피!! 불닭볶음면+너구리 = 불그리 꿀조합, 불그리 레시피, 라면먹방, 김밥먹방, 분식먹방 ASMR spicy noodles mukbang",224706,148,3368,2023-05-03T10:50:00Z,먹방#불그리먹방#불그리레시피 안녕하세요! 배블리입니다~ 요즘 sns에서 핫하다고 소문난 BTS 정국님이 만든 불그리를 먹어봤어요!
v4TlOwT-2JI,불닭 비빔국수 만들기!기분좋게 매운맛/초간단 10분요리 완성 술안주 야식추천,1969,165,81,2023-05-21T13:00:43Z,"불닭 비빔국수 만들기!기분좋게 매운맛 초간단 10분요리 완성 술안주 야식추천 [재료 2인분] 소면 200g,오이 1/2개,삶은계란1개,통깨, ..."
F8WLnEMh360,불닭볶음면🔥 맛있게 3단계 업그레이드 먹방! #shorts 치즈새우불닭? Spicy chiken noodle 3level delicious mukbang asmr,133437,103,3907,2023-05-28T05:21:58Z,불닭볶음면 #buldak #맛있음 #spicynoodles 1단계 불닭볶음면 2단계 불닭볶음면 + 치즈새우   3단계 불닭볶음면 + 치즈해물찜닭 + ...
Q2SC1RjvteM,불닭먹기#불닭볶음면#불닭#채채#채채루#알고리즘떠라#알고리즘#알고리즘 예쁘당♡,29,0,4,2023-05-23T10:19:48Z,
XJI8cTOBcn8,부 &#39;드럽게&#39; 매운맛 불닭소스 넣은 파스타 #shorts,1272,2,25,2023-05-26T09:00:31Z,불닭소스 #참깨크림파스타.
_InkiHXWmoc,Mukbang Fire Spicy Noodles 야끼소바 불닭볶음면 먹방 Buldak Yakisoba Spicy Fire Noodle Takoyaki 킬바사 | HIU 하이유,6044227,295,22058,2023-05-20T07:00:14Z,채널에 가입하여 혜택을 누려보세요. Join the channel and enjoy the benefits.
VXvIzXkAPSA,불닭 레시피 중에 다섯 손가락 안에 듬,758,2,38,2023-05-30T18:03:41Z,[ 불닭 카레 우동 ] 불닭은 언제나 실패가 없지만 여태 먹어본 수많은 불닭볶음면 레시피 중에 손가락 5개 안에 드는 존맛탱 불닭 레시피 ...
X4LdfLzMlKQ,소곱창 &amp; 불닭볶음면 Gopchang &amp; spicy noodles buldak,624,5,18,2023-05-29T12:57:03Z,안녕하세요 먹욱입니다 오늘은 '소곱창 & 불닭볶음면' 조합 입니다! 사이드로 깻잎과 백김치 준비했어요 맛있게 먹어보겠습니다 먹 ...
izwVY8mWq8U,불닭볶음면 전 #불닭#부침개,532,0,8,2023-05-24T10:52:27Z,
Z557QHsom84,다시 유행할 파불닭쌈,1342,5,23,2023-05-31T09:30:08Z,유행할 파불닭쌈 ! 맛있어요 !
BkrBeauXtgQ,이 불닭볶음면은 더 맵고 더 좋습니다 진짜루,405885,129,8783,2023-05-21T11:00:10Z,흑백리뷰 #스케치코미디 #shorts 불닭볶음면 할라피뇨치즈 리뷰.
UjcJos9ZzO0,청양마요 불닭,34396,24,817,2023-05-25T13:00:31Z,청양 마요 불닭 레시피 오늘은 정말 맵찔이들은 접근도 못할 레시피를 준비 했어요 일반 불닭이 아닌 핵 불닭볶음면을 사용하였고 여기 ...
NjmhaGDFzBE,매운 불닭볶음면! +나쵸소스+트름🔥🐔🥤 Spicy Fire Chicken Nachos &amp; Epic Soda Burp #shorts,1898,9,20,2023-05-05T16:42:20Z,"재미있는 순간을 좋아한다면 더 맛있고 재미있는 콘텐츠를 위해 좋아요, 댓글, 구독을 꼭 해주세요! #불닭볶음면 #나초소스 #나초퓨전 ..."
ta0vp2Fbrl8,치즈 이불 덮은 불닭쌈 cheese buldak #청담언니 #요리하는메이크업아티스트 #shorts,335565,100,14298,2023-05-13T09:37:37Z,
maOMX0rkiYc,일본 야끼소바불닭..짭짤하고 매콤하니..추베릅!!! 마싯따..asmr,1270,0,51,2023-05-27T02:46:13Z,
LdseYOdHR4I,아디챌린지와 불닭이 만나면 #아디 챌린지 #불닭,2954,12,45,2023-05-12T11:15:36Z,요즘 유행하는 아디챌린지 노래에 맞춰 불닭을 쳐봤습니다 #아디챌린지 #불닭 #먹방.
yWkBH2wzF54,감기 걸렸을때 나이별 밥 먹는 유형 #윗유하우스,5145459,546,85957,2023-05-26T08:46:44Z,
JOVZMeQMe1s,"불닭볶음면 쌀종이에 말아버리면,,,",3531,2,40,2023-05-19T02:31:59Z,불닭볶음면을 쌀종이에 말아 이렇게 만들어 보세요. 너무 맛있어서 또 만들게 됩니다. 제작 소스를 눌러 완성된 레시피를 꼭 확인해 ...
SHgzpcdqULI,ASMR SPICY FIRE NOODLES KIELBASA SAUSAGE 불닭볶음면 킬바사소세지 먹방 MUKBANG EATING SOUNDS 咀嚼音 | ZOEY ASMR,213046,93,2837,2023-05-02T09:13:38Z,"Today's menu : spicy fire noodles, kielbasa sausage :) 오늘 메뉴는 불닭볶음면 킬바사소세지 입니다 :) Thank you for watching!"
jkzi-mSLhgQ,쫀득쫀득 식감 쩌는 쌀종이 불닭쌈 만들기,11588,6,157,2023-05-10T10:00:08Z,"라이스페이퍼와 불닭볶음면으로 만드는 맛있는 불닭쌈입니다 :) 식감이 진짜 끝내줍니다. 준비물 : 라이스페이퍼, 불닭볶음면 1. 불닭 ..."
EV9Ny7aX-BA,불닭소스 활용법 #먹방,1165,1,24,2023-05-15T08:26:36Z,레시피 보러가기: https://youtu.be/QQG2FD-9cbA #나시고렝 #불닭 #mukbang #recipe #nasigoreng #indonesia.
IJZdJtyXqA4,불닭 볶음면 우삼겹 asmr,1241,1,12,2023-05-16T00:46:21Z,asmr #먹방 #먹방asmr #불닭볶음면 #우삼겹.
ibYOu9QCfDk,불닭이라는 동물은 실제로 존재합니다,297,1,2,2023-05-26T07:00:19Z,불닭볶으면 먹어야지.
SDaW2Ouyh04,불닭팽이버섯 #맥주안주,356,0,5,2023-05-27T07:29:00Z,Music provided by 브금대통령 Track : 무념무상 - https://youtu.be/QCzKrlZCtpg.
jg9gjj_u8NE,ASMR MUKBANG| 직접 만든 불닭 짜장 버섯 양념치킨 소세지 먹방 &amp; 레시피 FRIED CHICKEN AND FIRE NOODLES EATING,43217678,7103,227539,2023-05-05T12:30:33Z,"먹방 #ASMR #MUKBANG #합방 #팽이버섯먹방 합동 방송 및 광고, 협찬 문의는 아래 메일로 연락해주세요 :) 비즈니스메일 ..."
cddY9cVOaAY,불닭 베이컨 치즈 후라이,712075,191,20127,2023-05-29T08:00:28Z,정말 맛 좋아서 와구 #용디쇼츠 #용디쿠킹.
IojXHqWcu3I,불닭 볶음면 더 맛있게 먹는 방법 🍝 #shorts #불닭볶음면 #불닭레시피,1543,2,38,2023-05-14T12:10:12Z,재료 불닭 볶음면 토마토 1개 바질 페스토 다진 마늘 식용유 1. 끓는 물에 토마토를 데친 후 껍질을 까서 잘게 썰어줍니다. 2. 면은 끓는 ...
xl2wFD-_Dik,일본에서만 판매한다는 불닭 야끼소바 !! 삼양 뭐하냐? #shorts,2160,10,34,2023-05-01T08:09:57Z,shorts #리뷰 #쇼츠 #review #먹방 #eating.
1SgTmYJHHYs,초록색이라 방심했다. 할라피뇨치즈 불닭볶음면,49584,82,1189,2023-05-11T08:22:55Z,서진이네#라면#비빔면 이 영상에는 협찬/광고가 없습니다. 광고 및 문의 : matsangmu@gmail.com 해당 영상의 저작권은 맛상무 채널 ...
mrtyzyVJYCI,I&#39;m korean 불닭매니아,1540,7,17,2023-05-29T11:55:50Z,shorts #먹방.
95RuuyqlX1A,진짜 밥도둑 불닭짬뽕 닭가슴살 볶음밥,1279,0,3,2023-05-04T08:54:49Z,
F8WLnEMh360,불닭볶음면🔥 맛있게 3단계 업그레이드 먹방! #shorts 치즈새우불닭? Spicy chiken noodle 3level delicious mukbang asmr,133437,103,3907,2023-05-28T05:21:58Z,불닭볶음면 #buldak #맛있음 #spicynoodles 1단계 불닭볶음면 2단계 불닭볶음면 + 치즈새우   3단계 불닭볶음면 + 치즈해물찜닭 + ...
D9e5_sZHB0I,불닭+삼겹 폼 미쳤다 #recipe #레시피 #불닭 #hotchicken #김밥 #kimbab #삼겹살,888,11,12,2023-05-20T02:30:46Z,
8sERBqHON48,"불닭볶음면, 불닭버섯 ASMR #shorts #불닭 #불닭볶음면먹방 #불닭버섯  #spicyfood #spicynoodles #buldak #mushroomasmr #먹방",66,3,3,2023-05-24T08:00:02Z,
CoZTjLHsw1I,#Shorts 모개의일상 | 서진이네 불라면 | 불닭볶음면,2428,9,27,2023-05-06T12:28:39Z,서진이네 #불라면 #불닭볶음면 #서진이네불라면.
I-SEm8E4l4M,비빔면과 불닭제육,1496,1,4,2023-05-10T12:00:19Z,shorts.
5KerUdKMjt4,불닭볶음면 먹방 #먹방 #mukbang #불닭볶음면 #spicynoodles #혼술 #맥주,159,4,5,2023-05-30T09:27:23Z,
EV9Ny7aX-BA,불닭소스 활용법 #먹방,1165,1,24,2023-05-15T08:26:36Z,레시피 보러가기: https://youtu.be/QQG2FD-9cbA #나시고렝 #불닭 #mukbang #recipe #nasigoreng #indonesia.
A4RM3znrpOk,불닭볶음 김밥 🧘‍♀️,566,3,14,2023-05-10T03:24:39Z,
2YYv7O634rE,"불그리먹방, 요즘 핫한 BTS 정국님 레시피!! 불닭볶음면+너구리 = 불그리 꿀조합, 불그리 레시피, 라면먹방, 김밥먹방, 분식먹방 ASMR spicy noodles mukbang",224706,148,3368,2023-05-03T10:50:00Z,먹방#불그리먹방#불그리레시피 안녕하세요! 배블리입니다~ 요즘 sns에서 핫하다고 소문난 BTS 정국님이 만든 불그리를 먹어봤어요!
pS0lxyOU7jU,불닭볶음면 콘치즈 타코야끼 조합 함께 먹으면 어떻게 될까?? #불닭볶음면#타코야끼#먹방#mukbang,173,0,5,2023-05-12T00:45:50Z,
SHgzpcdqULI,ASMR SPICY FIRE NOODLES KIELBASA SAUSAGE 불닭볶음면 킬바사소세지 먹방 MUKBANG EATING SOUNDS 咀嚼音 | ZOEY ASMR,213046,93,2837,2023-05-02T09:13:38Z,"Today's menu : spicy fire noodles, kielbasa sausage :) 오늘 메뉴는 불닭볶음면 킬바사소세지 입니다 :) Thank you for watching!"
GZkH_2S36W4,삼양 불닭볶음밥 220g,375,0,3,2023-05-02T02:04:33Z,삼양 불닭볶음밥 220g.
kJq-1-L03o8,스트레스 받은 자들이여 여기로 오라 🔥불닭꿀떡떡볶이🔥,1865,5,23,2023-05-19T09:00:29Z,스트레스 때문에 지친 그대들을 구원하기 위해서 내가 만들어 왔다   맵달 is 진리 불닭꿀떡떡볶이   #불닭꿀떡떡볶이 #꿀떡떡볶이 ...
L9xZdvg18ik,꼬간초/치즈불닭/담금주/돈까스🧀 유지어터 38~39일차,474,0,5,2023-05-23T01:53:35Z,
UjcJos9ZzO0,청양마요 불닭,34396,24,817,2023-05-25T13:00:31Z,청양 마요 불닭 레시피 오늘은 정말 맵찔이들은 접근도 못할 레시피를 준비 했어요 일반 불닭이 아닌 핵 불닭볶음면을 사용하였고 여기 ...
QVChODC0Gew,할라피뇨 치즈 불닭볶음면 맵찔이는 먹을 수 있을까?,28429,39,582,2023-05-19T08:00:09Z,신상라면 #불닭볶음면 #할라피뇨치즈불닭.
ZQz1w9iIMd8,불닭 치즈 소세지 핫도그,1526131,260,39751,2023-05-24T09:55:18Z,이건 정말 먹어봐야 알지.
MHyOIj3XOO0,까르보 불닭 떡볶이를 만들어 먹어보았습니다 !                                      #떡볶이만들기 #tiktok,2221,2,18,2023-05-06T12:33:56Z,
oVtBcVEJyu4,불닭 따라한 일본 라면 명가?,3587,5,46,2023-05-12T08:00:32Z,불닭 따라한 일본이 당당하다 쉴드치는데...   #불닭볶음면 #일본 #표절 #경제 #뉴스 #재테크 #머니톡투유 #쇼츠더머니 #머니투데이 ...
80pl3_ZTq2I,까르보불닭+바다포도+생크림=? #mukbang #eatingshow #jellyasmr,1448,-1,-1,2023-05-22T07:32:17Z,
Q2SC1RjvteM,불닭먹기#불닭볶음면#불닭#채채#채채루#알고리즘떠라#알고리즘#알고리즘 예쁘당♡,29,0,4,2023-05-23T10:19:48Z,
kvB7TYSa8ts,김 치이즈 불닭 소세지,790642,494,28917,2023-05-19T12:28:51Z,김밥은 아니고요.
ta0vp2Fbrl8,치즈 이불 덮은 불닭쌈 cheese buldak #청담언니 #요리하는메이크업아티스트 #shorts,335565,100,14298,2023-05-13T09:37:37Z,
hzh0fPIZ2A8,불닭소스 볶음밥이 #있었는데요없었습니다 #mukbang #beforeandafter #beforeafter #korean #먹방 #koreanfood #buldak,704,0,8,2023-05-22T16:27:02Z,
2Zl2hACksF8,Mukbang 새벽에 할머니 몰래 불닭볶음면 먹기!🍜청년피자 치킨 신메뉴 먹방 Spicy Noodles Fried Chicken at night EATING | HIU 하이유,1440857,184,8537,2023-05-04T07:00:01Z,"하이유가 자고 있는 할머니 몰래 피자와 치킨을 먹어요~! 하이유의 청년피자 바질크림 치즈디쉬. 불닭까르보나라, 고구마크림치즈스틱 ..."
G3JD__ocuYw,불닭리조또 상상 이상이네요,4047,3,-1,2023-05-24T13:11:00Z,맵찔이도 가능한 불닭리조또 상상이상으로 맛있네요 불닭볶음면에 치즈 추가하고 유유 넣고 밥 넣어서 섞어주면 끝이에요 존맛탱   ...
sr9FjyzfkN4,#asmr먹방 #mukbang #buldakramen #eatingsounds #불닭볶음탕면,1528,2,14,2023-05-24T07:57:37Z,
U-h1GWRZ4U0,불닭볶음면 꿀조합♡ 꼭 이렇게 드세요~~!! #불닭볶음면레시피 #불닭볶음면꿀조합 #불닭파스타 #불닭볶음면 #간단레시피 #매운라면,5083,1,131,2023-05-15T11:54:38Z,
v4TlOwT-2JI,불닭 비빔국수 만들기!기분좋게 매운맛/초간단 10분요리 완성 술안주 야식추천,1969,165,81,2023-05-21T13:00:43Z,"불닭 비빔국수 만들기!기분좋게 매운맛 초간단 10분요리 완성 술안주 야식추천 [재료 2인분] 소면 200g,오이 1/2개,삶은계란1개,통깨, ..."
N1u3YDjT1Zo,ASMR 까르보 불닭볶음면과 크림치즈스틱 닭다리튀김 프랭크버거 수제버거 먹방~!! Hand Made Burger🍔 With Cream Spicy Noodles MuKBang~!!,1437829,658,25807,2023-05-13T11:45:06Z,햄버거 #까르보불닭 #치킨 #burger #noodles #chicken ▭▭▭▭▭▭▭▭▭▭▭▭▭▭▭▭▭▭▭▭▭▭▭▭▭▭ 광고 / 협찬문의: ...
6DyTNUo5TnA,마라까르보불닭볶음면 #마라불닭납작당면 #까르보불닭볶음면 #말랑라희,50,0,9,2023-05-28T06:52:25Z,
v7of58GhQRU,편의점 꿀조합 💛 치즈떡볶이 짜장불닭볶음면 간짬뽕 틱톡젤리 신상 먹방 Korean Convenience Store Food desserts Mukbang ASMR Ssoyoung,2684328,523,19980,2023-05-08T09:00:34Z,Convenience_store #KoreanMukbang #Mukbang #Best #Reaction #Ssoyoung #Eatingsound #asmr 오늘도 쏘영이의 영상을 시청 ...
2JDvDz5FoLc,"먹고싶은거 다 먹는 먹방🧸불닭볶음면 타코야끼,투썸 옥수수바스크치즈케이크,두찜 마라로제찜닭,봄날엔약과,연세우유말차크림빵 등 REALSOUND MUKBANG :D",344239,98,4403,2023-05-21T11:00:38Z,나도의 나도 먹을래   나도의 두번째 채널(Nado's second channel) ...
NjmhaGDFzBE,매운 불닭볶음면! +나쵸소스+트름🔥🐔🥤 Spicy Fire Chicken Nachos &amp; Epic Soda Burp #shorts,1898,9,20,2023-05-05T16:42:20Z,"재미있는 순간을 좋아한다면 더 맛있고 재미있는 콘텐츠를 위해 좋아요, 댓글, 구독을 꼭 해주세요! #불닭볶음면 #나초소스 #나초퓨전 ..."
3Ou_n2-Q6QY,불닭볶음면 네입 컷? #불닭볶음면 #shorts,909,3,14,2023-05-16T16:06:13Z,
Sfyz2aguzpE,맛있게 맵다🌶 불닭 곤 very good cover #vanner #배너 #곤 #아시안 #혜성 #영광 #태환 #verygood #블락비 #불닭,5453,22,242,2023-05-08T07:59:55Z,
G6J3LBcyiQc,불닭덮밥 먹방 🤭 | Trying Buldak Chicken Rice #먹방,1540,6,26,2023-05-19T08:35:55Z,Trying Buldak Chicken Deopbap and Dalgona Milk New convenience store find! Btw - This video is not sponsored —— #편의점 ...
DAi4Ub6pjjg,Mukbang Fire Spicy Noodle Tteokbokki 불닭볶음면 햄버거 TV 속 편의점 음식 먹방 Convenience Store | HIU 하이유,2347390,211,11145,2023-05-02T07:00:24Z,"TV속 하이유와 TV밖 하이유의 편의점 음식 먹방! 하이유의 불닭볶음면, 치즈햄버거, 고대빵, 치킨봉, 소세지부리또, 치즈라면, 불닭 ..."
MYNCunXzsao,불닭볶음으로 오호 만들어봄👍😋,5480,4,73,2023-05-16T14:28:28Z,
SEjYApaQwVA,"ASMR 치트키, 불닭팽이버섯 먹방 | 먹방 | 불닭쌈 | 불닭팽이 | SPICY BULDAK MUSHROOM MUKBANG | ASMR",183158,82,2381,2023-05-02T11:48:23Z,매콤한 불닭팽이버섯을 먹어봤어요! 너무 매웠지만 오독오독한 식감이 좋았습니다! 나중엔 다른 소스로도 먹어보려구요   좋아요와 ...
xQqqx8kYVsE,새벽에 불닭을 먹고 셀카 올린 슈화 ㅋㅋㅋㅋㅋ #여자아이들 #용진호건강원 #퀸카,6611,5,107,2023-05-21T04:37:39Z,새벽에 불닭을 먹고 셀카 올린 슈화 #shorts #쇼츠 #슈화 #미연 #여자아이들 #소연 #민니 #우기.
w7vPJuc9Y34,불닭소스레시피 🔥 | 불닭삼각김밥 Buldak Samgak Kimbap,1978,1,34,2023-05-08T09:04:07Z,불닭 삼각김밥 | Buldak Samgak Kimbap This recipe combines two of my favorite things: Buldak and Samgak Kimbap!
g2SOExsUdMQ,불닭 할라피뇨 편의점 꿀조합 찾음,2404,2,33,2023-05-31T08:52:25Z,편의점 #추천 #편의점신상 #편의점꿀조합 #편의점간식 #편의점음식 #koreansnack #koreanconveniencestore #불닭할라피뇨 ...
v7of58GhQRU,편의점 꿀조합 💛 치즈떡볶이 짜장불닭볶음면 간짬뽕 틱톡젤리 신상 먹방 Korean Convenience Store Food desserts Mukbang ASMR Ssoyoung,2684328,523,19980,2023-05-08T09:00:34Z,Convenience_store #KoreanMukbang #Mukbang #Best #Reaction #Ssoyoung #Eatingsound #asmr 오늘도 쏘영이의 영상을 시청 ...
Sfyz2aguzpE,맛있게 맵다🌶 불닭 곤 very good cover #vanner #배너 #곤 #아시안 #혜성 #영광 #태환 #verygood #블락비 #불닭,5453,22,242,2023-05-08T07:59:55Z,
3Ou_n2-Q6QY,불닭볶음면 네입 컷? #불닭볶음면 #shorts,909,3,14,2023-05-16T16:06:13Z,
G6J3LBcyiQc,불닭덮밥 먹방 🤭 | Trying Buldak Chicken Rice #먹방,1540,6,26,2023-05-19T08:35:55Z,Trying Buldak Chicken Deopbap and Dalgona Milk New convenience store find! Btw - This video is not sponsored —— #편의점 ...
lGYyUKlNHrA,바삭하게 잘 구워진 대창 넣은 불닭탕면 열라면 먹방~!! 리얼사운드 ASMR Mukbang(Eating Show),237410,170,3994,2023-05-14T12:00:37Z,광고문의 opklrnr0@nate.com 오늘은 불닭탕면과 열라면에 겉을 바삭하게 구운 대창을 넣어서 준비했어요! 대창이 잘 구워져서 바삭 ...
2JDvDz5FoLc,"먹고싶은거 다 먹는 먹방🧸불닭볶음면 타코야끼,투썸 옥수수바스크치즈케이크,두찜 마라로제찜닭,봄날엔약과,연세우유말차크림빵 등 REALSOUND MUKBANG :D",344239,98,4403,2023-05-21T11:00:38Z,나도의 나도 먹을래   나도의 두번째 채널(Nado's second channel) ...
eeNydtMCE7s,까르보불닭볶음면 #체다치즈 #스팸 #스크램블에그 #파마산치즈 #흰우유,992,0,7,2023-05-08T15:00:34Z,shorts #short #요리.
8oqIWOj4v04,불닭 닭새우 먹어보자구 #참바다대게남포동본점,14340,33,121,2023-05-22T06:47:10Z,닭새우 #닭새우회 #불닭소스 불닭소스를 닭새우에 뿌려서 먹어 보았습니다 너무 맛이어요.
MYNCunXzsao,불닭볶음으로 오호 만들어봄👍😋,5480,4,73,2023-05-16T14:28:28Z,
xQqqx8kYVsE,새벽에 불닭을 먹고 셀카 올린 슈화 ㅋㅋㅋㅋㅋ #여자아이들 #용진호건강원 #퀸카,6611,5,107,2023-05-21T04:37:39Z,새벽에 불닭을 먹고 셀카 올린 슈화 #shorts #쇼츠 #슈화 #미연 #여자아이들 #소연 #민니 #우기.
w7vPJuc9Y34,불닭소스레시피 🔥 | 불닭삼각김밥 Buldak Samgak Kimbap,1978,1,34,2023-05-08T09:04:07Z,불닭 삼각김밥 | Buldak Samgak Kimbap This recipe combines two of my favorite things: Buldak and Samgak Kimbap!
Dwn1zFdMKIY,"불닭탕면과 떵순이가 만든 불닭특집 불닭쌈, 불닭팽이 먹방~!! 리얼사운드 ASMR Mukbang(Eating Show)",155261,184,3007,2023-05-02T12:00:14Z,"광고문의 opklrnr0@nate.com 오늘은 매운게 먹고 싶어서 불닭탕면과 여동생이 만들어준 불닭쌈, 불닭팽이버섯, 불닭송이버섯을 준비 ..."
SEjYApaQwVA,"ASMR 치트키, 불닭팽이버섯 먹방 | 먹방 | 불닭쌈 | 불닭팽이 | SPICY BULDAK MUSHROOM MUKBANG | ASMR",183158,82,2381,2023-05-02T11:48:23Z,매콤한 불닭팽이버섯을 먹어봤어요! 너무 매웠지만 오독오독한 식감이 좋았습니다! 나중엔 다른 소스로도 먹어보려구요   좋아요와 ...
UpOzC47hGYQ,에어프라이어 등갈비 🍻 매콤한 불닭소스 등갈비구이 만들어요 ❤️ 핏물 빼지 않고 빠르게 만들기! 재료는 고정댓글에 있어요 #등갈비구이,17545,15,158,2023-05-26T10:44:44Z,
g2SOExsUdMQ,불닭 할라피뇨 편의점 꿀조합 찾음,2404,2,33,2023-05-31T08:52:25Z,편의점 #추천 #편의점신상 #편의점꿀조합 #편의점간식 #편의점음식 #koreansnack #koreanconveniencestore #불닭할라피뇨 ...
lKXRN9DtyWc,"재출시 임박!🔥레전드의 귀환:불닭볶음탕면 리뷰, 먹방, 볶음밥 만들기",795,7,11,2023-05-10T12:51:05Z,재출시 #불닭볶음탕면 #라면먹방 #불닭시리즈 #맛있냐옹_라면 안녕~! 맛있냐옹이야 ค^-ﻌ-^ค 오늘은 불닭볶음탕면을 가지고 왔어 ...
DAi4Ub6pjjg,Mukbang Fire Spicy Noodle Tteokbokki 불닭볶음면 햄버거 TV 속 편의점 음식 먹방 Convenience Store | HIU 하이유,2347390,211,11145,2023-05-02T07:00:24Z,"TV속 하이유와 TV밖 하이유의 편의점 음식 먹방! 하이유의 불닭볶음면, 치즈햄버거, 고대빵, 치킨봉, 소세지부리또, 치즈라면, 불닭 ..."
8zQviGoqG_s,불닭볶음면 #불닭볶음면 #치즈면 #너무 매워&amp;맛있는 라면 #너무 맛있어요,479,0,4,2023-05-14T06:20:34Z,
jkzi-mSLhgQ,쫀득쫀득 식감 쩌는 쌀종이 불닭쌈 만들기,11588,6,157,2023-05-10T10:00:08Z,"라이스페이퍼와 불닭볶음면으로 만드는 맛있는 불닭쌈입니다 :) 식감이 진짜 끝내줍니다. 준비물 : 라이스페이퍼, 불닭볶음면 1. 불닭 ..."
m0pPy9v_E7A,🔥불닭마요연어주먹밥🔥,164040,28,-1,2023-05-13T03:00:30Z,food #foodie #shorts #간편레시피 #간편식 #요리 #간단요리 #자취요리 #1분요리 #shortsfood #りょうり #먹방 #foodstagram ...
Um3Byw8ypwA,까르보불닭에 바삭하게 튀긴 치즈돈까스 먹방😋🔥The full video is on my Youtube❤️Youtube설기양SULGI,18,0,1,2023-05-26T19:24:34Z,리얼사운드 먹방을 올리는 설기양입니다 :) 메뉴추천도 좋고 어떤 피드백이든 감사히 듣겠습니다 제 영상을 보시는 분들 모두 고마워요 ...
S2YAYF04bzY,🍜이거 왜 맛있지??(불닭볶음면➕라면볶이),29200,17,150,2023-05-23T15:55:36Z,"라면먹방, #불닭볶음면 #먹방 MUKBANG VIDEO, SUBSCRIBE ME!! @Munchies_Cook Subscriptions and likes are helpful to me ..."
6Xe3Y6pedao,부자들의 불닭쌈 먹는 방법,262413,100,7156,2023-05-01T08:32:59Z,
KpY0gMBsMBw,콘치즈 + 불닭 + 토스트 #shorts,28229,56,869,2023-05-22T07:16:57Z,콘치즈 + 불닭 + 토스트 #shorts - 레시피 스위트콘 5스푼 설탕 1스푼 마요네즈 5스푼 모짜렐라치즈 60g 식빵 2장 체다치즈 2장 불닭 ...
NKWqROBixUs,"불가능은 없습니다, 미니언즈 주먹밥과 로제 불닭납작당면 Minions Onigiri and Buldak Spicy Noodle",338329,73,13262,2023-05-01T11:45:57Z,불닭볶음면 #도시락싸기 #캐릭터도시락 #buldak #spicyfood #spicynoodles #lunchboxideas #fyp #viral.
N3L18pZK1Mw,라이스페이퍼로🐔불닭 치즈쌈 만들어 빵가루를 묻혀서 팬에 튀기기🌶🍜🧀🍽 #coffee (💗하트모양 틀에다가 했는데 잘나오지 않네요),329,0,-1,2023-05-22T05:28:44Z,
kaXITZx2f10,엄청 매운 불닭볶음면제가 한번 먹어보겠습니다 #불닭볶음면 #핫해핫해,2346,0,-1,2023-05-17T11:37:38Z,
RGfLbQbs4EU,BULDAK CARBONARA (불닭),1144,5,-1,2023-05-19T00:30:59Z,
4NnCVdIvRto,불닭볶음면 일본 1위 라면 기업이 만들었다고???,189852,66,4481,2023-05-29T11:00:04Z,흑백리뷰 #스케치코미디 #shorts 닛신 불닭볶음면 리뷰.
6WaM6dJIHYM,불닭소스가 나오기전엔 어찌 살았는지... 불닭비빔우동,67632,19,2522,2023-05-05T04:00:03Z,자세한 레시피는 아래 영상을 참고해주세요. https://youtu.be/xM-nxogK_ZU ✓ 날씨요정 by 브금냠냠 브금냠냠 ...
YmedUpPNRmA,매콤한 불닭쌈에 달달한 짜파게티쌈 반반쌈까지🔥😋The full video is on my Youtube❤️Youtube설기양SULGI,13,0,2,2023-05-26T19:28:14Z,리얼사운드 먹방을 올리는 설기양입니다 :) 메뉴추천도 좋고 어떤 피드백이든 감사히 듣겠습니다 제 영상을 보시는 분들 모두 고마워요 ...
YnWlhn47O3g,ASMR MUKBANG | BBQ Chicken 🍗 Spicy Black Bean Noodles EATING 짜장불닭볶음면 자메이카 통다리구이 치킨 소스 퐁당! 먹방,3030902,311,29619,2023-05-15T13:40:00Z,"chicken #blackbeannoodles #MUKBANG Hello. Today's menu is bbq chicken, fried chicken, spicy fire black bean noodles, fried ..."
EmQYyAs-U1o,해외에서만 판다는 [[콘불닭]] 직구 후기,341546,26,5684,2023-05-01T09:00:10Z,"1봉(5개입)에 무려 35900원인데요,,ㄷㄷㄷ 먹어본 썰 풉니다....╰(*°▽°*)╯ #콘치즈불닭 #콘불닭 #불닭볶음면 #불닭볶음면먹방 ..."
y5GmQHuDt88,광기의 만칼로리 챌린지ㅣ마라탕 꿔바로우 불닭 탕후루 삼각김밥 신볶게티 왕뚜껑 핫바 파스타 아이스크림 마시멜로 먹방,418835,226,4538,2023-05-24T04:41:03Z,배불러뒤지는줄 #먹방 #만칼로리챌린지 #먹방브이로그 인스타 : https://www.instagram.com/gwakbloodwater 블로그 ...
pT6ATbtWamY,&#39;짝퉁&#39; 불닭·다시다…중국 법원도 &quot;그만 베껴&quot;/드라마·예능까지…과거 中 저작권 침해 사례 보니/[이슈] 2023년 5월 28일(일)/KBS,107427,253,696,2023-05-28T11:02:22Z,라면과 조미료 등 한국 식료품을 베낀 이른바 '짝퉁' 제품이 중국 시장에 버젓이 등장해 팔리고 있습니다. 피해가 심해지자 국내 식품 ...
qGzZE-tU7Hk,치차론 &amp; 과카몰리 리얼사운드 먹방 | 삼겹살 튀김 불닭볶음면 | Chicharon Guacamole Challenge ASMR MUKBANG,427114,165,4759,2023-05-10T09:15:01Z,집가락 정품 구매링크 https://smartstore.naver.com/coffeechild/products/7688043656 육식맨님의 치차론 레시피영상 ...
fa1WlVChQdE,TRYING 4 KINDS Of Cheeses BULDAK불닭 QUATTRO SAMYANG🔥🐔,437,0,9,2023-05-25T21:53:53Z,FULL VIDEO: https://youtu.be/DMRg6wL-S9c 4 Different Kind Of Cheeses BULDAK불닭 QUATTRO SAMYANG Spicy Chicken ...
2ZxrJmwzi3s,한국 불닭볶음면과 뉴질랜드 치즈가 만나면 ㅎ,288,0,14,2023-05-16T06:29:26Z,불닭볶음면과 치즈가 만나면 ㅎ #불닭볶음면#치즈#만나면#ㅎ#한국의맛#별미 #볶음면#먹는날#뉴질랜드한식#한국의맛#바로이맛 ...
h_ZGiYMHc1I,팽이버섯 소스는 불닭소스♡,595,0,4,2023-05-18T13:15:18Z,
4tMPSs1AEIc,ASMR MUKBANG | 편의점 불닭 떡볶이 디저트 먹방 라면 아이스크림 초콜릿 &amp; BLUE DESSERT HONEY JELLY CANDY,1149478,324,15347,2023-05-27T13:15:00Z,오늘은 편의점 음식 먹방 입니다! :) 오늘 영상도 재밌게 봐주세요^^ 시오 구독하기   https://goo.gl/azcgUX 시오 인스타그램   ...
RJzbQA2_nSU,까르보 불닭 라볶이 해주는 과외쌤🐥,149407,73,4929,2023-05-16T11:43:15Z,
oDAPA_8SvSo,Wow! Habanero Lime Buldak 불닭 Almost Hot As 2x Spicy Ramen! #samyang #buldak #habanero #ramen #불닭,746,2,18,2023-05-01T23:02:59Z,Full Video: https://youtu.be/0PIIGdjtvd4 Wow! The Habanero Lime is almost as Spicy As 2x Spicy Ramen! #samyang #buldak ...
uh7X5NUNfaQ,엄청 진한 얼음 동동 콩국수 매콤한 불닭만두 배추겉절이 먹방 Spicy Dumplings Kimchi Kong Guksu(Bean Noodles) Kfood Mukbang,211394,134,4262,2023-05-14T11:00:38Z,콩국수 #불닭만두 #매운만두 각종 문의는 메일로 보내주세요. hyoning1004@naver.com 인스타그램 Instagram @hyoning_eats ...
uPcPi0JsJvE,랍스터 통째로 들어간 열라면 🦞 쉬림프링 &amp; 불닭가리비 &amp; 김밥 먹방 Korean Spicy Ramen with Lobster Seafood Mukbang ASMR Ssoyoung,660505,306,11674,2023-05-29T09:00:37Z,라면 #Ramyun #ASMR #Best #Recipe #Eatingsound #KoreanMukbang #ssoyoung 오늘도 쏘영이의 영상을 시청해주셔서 감사 ...
8CQuzH1PsJg,불닭볶음면 풀코스,6897,9,165,2023-05-13T09:53:59Z,본 채널은 '울산큰고래' 클립 영상을 모아두기 위한 곳입니다. 울산큰고래 유튜브 - https://www.youtube.com/user/ULSANBIGWHALE.
so6immOJv_o,불맛 화르륵 불닭대창덮밥!!,791,0,12,2023-05-25T04:38:57Z,구매하기 ☞ https://daesungmeat.imweb.me/#shorts #대창 #대창덮밥 #덮밥 #자취요리 #간단요리 #요리.
rm3F15ZBzy0,🔥BTS정국 불닭들기름막국수🔥,23223,13,-1,2023-05-22T08:30:25Z,food #foodie #shorts #간편레시피 #간편식 #요리 #간단요리 #자취요리 #1분요리 #shortsfood #りょうり #먹방 #foodstagram ...
9X2C_XU75FE,ASMR MUKBANG 직접 만든 대왕 타키스 가래떡 떡볶이 불닭볶음면 치즈스틱 핫도그 먹방 &amp; 레시피 FIRE NOODLES AND Tteokbokki EATING SOUND!,2317746,321,16830,2023-05-06T13:15:00Z,오늘은 자이언트 블루 타키스 만들기입니다. 재밌게 봐주세요^^ 시오 구독하기   https://goo.gl/azcgUX 시오 인스타그램   ...
mpgm1D4rG7A,"PC방 전메뉴 털기 먹방 (불닭볶음면, 핫도그, 소떡소떡) | Internet Cafe Food Mukbang | Animation ASMR",1717979,606,15334,2023-05-14T03:02:37Z,"오늘은 pc방 음식을 먹었어요 pc방에서 하는 메이플스토리 너무 재밌어보이죠? 자리 스틸 유저는 가만 안 둬 메뉴 불닭볶음면, 치킨 ..."
VtarNgq0vmg,ASMR MUKBANG 편의점 핵불닭 미니!! 떡볶이 &amp; 핫도그 &amp; 김밥 FIRE Noodle &amp; HOT DOG &amp; GIMBAP EATING SOUND!,2644530,504,31008,2023-05-16T13:00:32Z,먹방 #ASMR #MUKBANG 안녕하세요 맛있는 음식이 가득한 공삼테이블입니다! ✉비지니스 메일 : gongsam203@gmail.com ...
0Ddj9nQM-oI,Kang kendang Pengamen JOS!,46182,4,397,2023-05-12T05:42:49Z,
PsRXH3EhUsE,시골치매가족먹방엄마아들(닭고기김치카레&amp;Chicken Kimchi Curry)요리 먹방 mukbang eating show,1913,25,72,2023-05-24T09:35:53Z,닭고기김치카레 #Chicken Kimchi Curry #시골가족 #치매가족 음악 노래 No.9 Esther's Waltz 아티스트 Esther Abrami 앨범 No.9 ...
YAzSiy4BaLI,시골치매가족먹방엄마아들(닭고기찜&amp;Steamed Chicken)요리 먹방 mukbang eating show,1154,19,69,2023-05-15T09:32:45Z,닭고기찜 #Steamed Chicken #시골가족 #치매가족.
TyVMsjPJTbA,"시켜줘 명예 국밥부장관👩‍✈️먹방브이로그(순댓국,돈까스,김치찌개,아구수육,엽기로제떡볶이)",241,2,3,2023-05-05T10:30:48Z,생일 끝 ~~
TI1cRN2U2PI,시골치매가족먹방엄마아들(어버이날&amp;Parents’ Day)요리 먹방 mukbang eating show,1538,13,67,2023-05-08T10:31:52Z,어버이날 #Parents' Day #시골가족 #치매가족.
ovXoQeKg9OE,대패목살 술먹방,1127,0,65,2023-05-31T12:33:59Z,This stream is created with #PRISMLiveStudio.
fHCYrSYSfDI,시골치매가족먹방엄마아들(시저치킨랩&amp;Caesar Chicken Wrap)요리 먹방 mukbang eating show,1085,14,69,2023-05-01T02:29:49Z,시저치킨랩 #&Caesar Chicken Wrap #시골가족 #치매가족.
